system,observable,overall_mean,overall_sd,mean_0_50,sd_0_50,mean_50_100,sd_50_100,mean_100_150,sd_100_150,mean_150_200,sd_150_200,max_window_shift,ols_slope_per_ns,slope_tstat,drift_over_200ns,stationary
A1,protein_rmsd,0.1733,0.017,0.1496,0.0152,0.1773,0.0078,0.1816,0.0059,0.1846,0.0071,0.035,0.000214,33.77,0.0428,DRIFT
A1,ligand_rmsd,0.662,0.1967,0.3686,0.047,0.6708,0.1529,0.8117,0.0368,0.7959,0.0354,0.4431,0.002834,47.59,0.5668,DRIFT
A1,radius_of_gyration,3.3236,0.0058,3.3246,0.0068,3.3224,0.0051,3.3256,0.0053,3.3218,0.0053,0.0038,-1.8e-05,-5.86,-0.0037,DRIFT
A1,sasa,526.9181,5.1668,530.4554,4.9429,525.7314,4.6905,526.3472,5.0957,525.1326,4.1593,5.3228,-0.031742,-12.01,-6.3485,DRIFT
A1,hbonds_protein,1211.5534,17.3592,1213.956,18.4374,1208.964,16.2024,1209.112,16.445,1214.156,17.6591,5.192,0.007041,0.74,1.4082,yes
A1,active_site_mindist,0.2394,0.0317,0.2142,0.013,0.2396,0.0386,0.2564,0.0274,0.2472,0.0251,0.0422,0.000247,15.95,0.0493,DRIFT
A1,active_site_contacts,341.995,213.8881,653.992,70.7601,338.548,177.518,186.508,30.5726,189.744,28.5643,467.484,-3.106244,-48.88,-621.2488,DRIFT
A1,catalytic_com_distance,2.6031,0.0994,2.5099,0.0487,2.5601,0.1194,2.6873,0.0394,2.6548,0.0338,0.1774,0.001142,28.07,0.2284,DRIFT
APO,protein_rmsd,0.17,0.0217,0.1422,0.0212,0.1649,0.0073,0.1855,0.0047,0.1872,0.005,0.045,0.000317,50.13,0.0635,DRIFT
APO,radius_of_gyration,3.3199,0.0034,3.319,0.0034,3.3211,0.0032,3.3195,0.0034,3.3201,0.0031,0.0021,2e-06,1.04,0.0004,yes
APO,sasa,530.304,5.7879,536.4851,4.4392,529.9783,4.448,527.8213,4.2639,526.9587,4.5755,9.5264,-0.05908,-23.1,-11.8159,DRIFT
APO,hbonds_protein,1243.8633,18.784,1242.656,19.5196,1235.64,16.8072,1246.6215,17.8808,1250.5,17.6786,14.86,0.060877,6.03,12.1754,DRIFT
COA,protein_rmsd,0.2225,0.0311,0.1832,0.031,0.2159,0.0122,0.244,0.0075,0.2468,0.0075,0.0636,0.000446,47.15,0.0893,DRIFT
COA,ligand_rmsd,0.2929,0.0244,0.2847,0.0352,0.2977,0.0205,0.2893,0.017,0.3,0.0171,0.0153,5.1e-05,3.86,0.0103,DRIFT
COA,radius_of_gyration,3.3299,0.0134,3.3301,0.0142,3.3321,0.0131,3.3309,0.0134,3.3267,0.0125,0.0054,-2.1e-05,-2.89,-0.0042,yes
COA,sasa,529.3939,8.2238,532.2652,8.7241,530.6802,7.6933,525.4954,7.7544,529.1451,7.1335,6.7698,-0.026823,-6.07,-5.3645,DRIFT
COA,hbonds_protein,1217.4561,20.3485,1210.372,20.8431,1219.448,19.9112,1225.6853,18.2099,1214.172,19.079,15.3133,0.029651,2.67,5.9302,yes
COA,active_site_mindist,0.1589,0.0079,0.1598,0.0085,0.1588,0.0081,0.1588,0.0073,0.1582,0.0078,0.0016,-1.1e-05,-2.6,-0.0022,yes
COA,active_site_contacts,1008.485,86.7215,911.184,89.0088,994.456,45.8297,1063.6375,47.8941,1064.416,44.6895,153.232,1.010804,28.82,202.1608,DRIFT
COA,catalytic_com_distance,2.9009,0.0302,2.9108,0.0371,2.8912,0.0297,2.8946,0.0245,2.9072,0.023,0.0196,-4.1e-05,-2.47,-0.0081,yes
COMP,protein_rmsd,0.1712,0.0179,0.1808,0.0268,0.1757,0.016,0.1628,0.0068,0.1657,0.0086,0.018,-9.3e-05,-10.43,-0.0187,DRIFT
COMP,ligand_rmsd,0.772,0.1287,0.6596,0.2132,0.7996,0.0435,0.8284,0.0384,0.7984,0.0439,0.1688,0.000936,15.28,0.1872,DRIFT
COMP,coa_rmsd,1.1566,0.1794,1.2144,0.3216,1.1522,0.0909,1.1409,0.0793,1.136,0.0873,0.0784,-0.000426,-4.55,-0.0853,DRIFT
COMP,radius_of_gyration,3.3295,0.007,3.3354,0.0063,3.3281,0.0057,3.3266,0.0067,3.3285,0.0055,0.0088,-4e-05,-11.7,-0.0081,DRIFT
COMP,sasa,532.5328,4.8178,533.5437,4.4167,530.9229,4.8333,531.8706,5.1197,533.7135,4.3877,2.7906,0.007075,2.8,1.4151,yes
COMP,hbonds_protein,1218.9348,17.0921,1215.968,16.1242,1220.498,16.7989,1224.116,16.9828,1214.352,16.7834,9.764,0.006619,0.73,1.3239,yes
COMP,active_site_mindist,0.1881,0.0155,0.1868,0.0158,0.1888,0.0144,0.1899,0.0159,0.1871,0.0156,0.0031,-1e-06,-0.1,-0.0002,yes
COMP,active_site_contacts,985.5102,111.3431,1017.548,124.3939,1031.502,86.7253,1025.132,65.2183,883.324,75.859,148.178,-0.800201,-15.06,-160.0403,DRIFT
COMP,catalytic_com_distance,2.9238,0.1174,2.8189,0.168,2.9122,0.0676,2.994,0.0523,2.9664,0.0533,0.1751,0.001045,19.87,0.209,DRIFT
A3-HMG-R,protein_rmsd,0.2215,0.0257,0.1917,0.0257,0.2154,0.0096,0.2294,0.0084,0.2493,0.0072,0.0576,0.000385,55.07,0.077,DRIFT
A3-HMG-R,ligand_rmsd,0.6384,0.0934,0.6563,0.135,0.5909,0.0669,0.6237,0.0776,0.6826,0.0398,0.0917,0.00016,3.14,0.032,DRIFT
A3-HMG-R,radius_of_gyration,3.3301,0.0147,3.3252,0.0145,3.3308,0.0137,3.3328,0.0154,3.3315,0.0142,0.0076,3.4e-05,4.27,0.0068,DRIFT
A3-HMG-R,sasa,531.3485,8.4164,531.4559,8.1002,531.8592,7.776,530.3105,9.152,531.7674,8.5504,1.5487,-0.007979,-1.74,-1.5958,yes
A3-HMG-R,hbonds_protein,1209.1349,21.0873,1215.776,20.0675,1202.452,22.2312,1206.116,20.3163,1212.192,19.1962,13.324,-0.011368,-0.99,-2.2736,yes
A3-HMG-R,active_site_mindist,0.2568,0.0268,0.269,0.0306,0.2643,0.0233,0.2412,0.0222,0.2527,0.0212,0.0278,-0.000147,-10.58,-0.0294,DRIFT
A3-HMG-R,active_site_contacts,267.4625,91.6212,209.016,88.7986,234.148,75.656,307.528,84.2154,318.892,64.6703,109.876,0.805421,18.66,161.0842,DRIFT
A3-HMG-R,catalytic_com_distance,3.0273,0.1271,3.123,0.1399,3.0621,0.098,2.9816,0.0875,2.9429,0.0917,0.1801,-0.00119,-20.34,-0.238,DRIFT
HMG-R-200ns-A6,protein_rmsd,0.1958,0.0253,0.1623,0.02,0.1949,0.0126,0.2185,0.0139,0.2074,0.0056,0.0562,0.000329,51.09,0.0659,DRIFT
HMG-R-200ns-A6,ligand_rmsd,0.4711,0.0594,0.5055,0.0647,0.503,0.0456,0.4281,0.0417,0.4481,0.0394,0.0774,-0.00046,-22.36,-0.0919,DRIFT
HMG-R-200ns-A6,radius_of_gyration,3.3181,0.0082,3.3274,0.0056,3.3217,0.0044,3.3119,0.0044,3.3115,0.0041,0.0159,-0.000113,-59.91,-0.0226,DRIFT
HMG-R-200ns-A6,sasa,527.9619,5.1812,532.7137,4.213,527.2577,4.1813,527.8357,4.1578,524.0686,4.0435,8.6451,-0.050126,-30.14,-10.0251,DRIFT
HMG-R-200ns-A6,hbonds_protein,1236.4778,17.274,1227.344,16.7355,1238.542,16.6002,1238.98,16.2653,1241.064,16.1357,13.72,0.076515,11.84,15.3029,DRIFT
HMG-R-200ns-A6,active_site_mindist,0.2401,0.0184,0.2421,0.0173,0.2367,0.0196,0.2393,0.0176,0.2424,0.0182,0.0057,6e-06,0.89,0.0013,yes
HMG-R-200ns-A6,active_site_contacts,282.2969,40.7286,278.198,39.3586,290.998,50.4433,284.788,33.5535,275.146,35.7394,15.852,-0.052251,-3.32,-10.4503,DRIFT
HMG-R-200ns-A6,catalytic_com_distance,2.7637,0.041,2.782,0.042,2.737,0.0382,2.7614,0.0329,2.7744,0.0353,0.045,1.1e-05,0.72,0.0023,yes
system_A3_COA,protein_rmsd,0.1649,0.017,0.1424,0.0157,0.1661,0.0067,0.1747,0.0095,0.1762,0.0071,0.0338,0.000222,36.21,0.0444,DRIFT
system_A3_COA,ligand_rmsd,1.1617,0.1914,0.9605,0.2545,1.1832,0.0627,1.2049,0.0615,1.2964,0.1122,0.3359,0.002221,28.62,0.4443,DRIFT
system_A3_COA,coa_rmsd,1.2069,0.2528,1.039,0.4102,1.3525,0.0885,1.2843,0.1152,1.152,0.0933,0.3135,0.000837,6.17,0.1675,DRIFT
system_A3_COA,radius_of_gyration,3.3219,0.0098,3.3257,0.0084,3.3241,0.0091,3.3166,0.0092,3.3212,0.0097,0.0091,-3.5e-05,-6.75,-0.0071,DRIFT
system_A3_COA,sasa,528.6647,6.885,532.3718,5.566,532.04,5.8142,527.5512,5.7584,522.6835,5.4763,9.6883,-0.061736,-19.16,-12.3473,DRIFT
system_A3_COA,active_site_mindist,0.2678,0.0525,0.2552,0.0266,0.2709,0.0483,0.2535,0.0226,0.2907,0.0798,0.0372,0.000225,8.07,0.0449,DRIFT
system_A3_COA,active_site_contacts,191.2917,80.014,237.628,76.8642,194.248,79.4419,208.28,52.0911,125.74,62.2679,111.888,-0.73454,-19.8,-146.9081,DRIFT
system_A3_COA,catalytic_com_distance,3.323,0.2052,3.1166,0.2508,3.3098,0.0767,3.3396,0.0723,3.5241,0.1023,0.4075,0.002675,36.23,0.535,DRIFT
system_A6_COA,protein_rmsd,0.1831,0.0283,0.1428,0.0255,0.1838,0.0078,0.2009,0.0078,0.205,0.0049,0.0622,0.000414,49.86,0.0827,DRIFT
system_A6_COA,ligand_rmsd,0.9689,0.327,0.5022,0.3514,1.1067,0.078,1.12,0.057,1.1457,0.0653,0.6435,0.003986,31.4,0.7972,DRIFT
system_A6_COA,coa_rmsd,4.1934,2.1727,1.8687,2.7628,5.57,1.8533,4.5584,0.2602,4.7737,0.1453,3.7013,0.016482,15.43,3.2964,DRIFT
system_A6_COA,radius_of_gyration,3.3297,0.0065,3.3358,0.0061,3.3281,0.0059,3.3275,0.005,3.3275,0.0046,0.0083,-4.8e-05,-15.16,-0.0097,DRIFT
system_A6_COA,sasa,528.4727,5.8553,532.7905,5.2295,529.2733,5.3053,527.3966,5.5781,524.4729,3.7463,8.3176,-0.050688,-18.28,-10.1376,DRIFT
system_A6_COA,active_site_mindist,0.2911,0.0765,0.2448,0.0277,0.2504,0.0331,0.3301,0.0815,0.3385,0.0858,0.0937,0.000715,20.3,0.1429,DRIFT
system_A6_COA,active_site_contacts,160.5644,87.0727,237.74,64.2495,205.268,52.631,106.344,58.2749,93.24,68.0994,144.5,-1.071411,-32.0,-214.2821,DRIFT
system_A6_COA,catalytic_com_distance,3.3418,0.3204,2.8446,0.2535,3.483,0.088,3.5032,0.0535,3.5354,0.0729,0.6908,0.004184,36.4,0.8369,DRIFT
